{"cameraMode":{"drawMode":0,"name":"Shaded","section":"Shading Mode"},"sceneLighting":true,"audioPlay":false,"sceneViewState":{"showFog":true,"showMaterialUpdate":false,"showSkybox":true,"showFlares":true,"showImageEffects":true,"showParticleSystems":true},"in2DMode":false,"pivot":{"x":3.4235551357269289,"y":12.345580101013184,"z":-9.386991500854493},"rotation":{"x":-0.265494167804718,"y":-0.02545149438083172,"z":0.007012092042714357,"w":-0.9637510180473328},"size":2.2578840255737306,"orthographic":false}