{"cameraMode":{"drawMode":0,"name":"Shaded","section":"Shading Mode"},"sceneLighting":false,"audioPlay":false,"sceneViewState":{"showFog":true,"showMaterialUpdate":false,"showSkybox":true,"showFlares":true,"showImageEffects":true,"showParticleSystems":true},"in2DMode":false,"pivot":{"x":-2.9309518337249758,"y":7.960056781768799,"z":-7.526155471801758},"rotation":{"x":-0.22076314687728883,"y":-0.1853637993335724,"z":0.042778488248586658,"w":-0.9565950036048889},"size":6.951576232910156,"orthographic":false}